79;pinchmite
104;assasinbee
104;assasinbee
104;assasinbee
104;assasinbee
104;assasinbee
104;assasinbee
104;assasinbee
104;assasinbee
104;assasinbee
104;assasinbee
104;assasinbee
104;assasinbee
104;assasinbee
104;assasinbee
104;assasinbee
104;assasinbee
104;assasinbee
104;assasinbee
104;assasinbee
104;assasinbee
104;assasinbee
104;assasinbee
104;assasinbee
104;assasinbee
104;assasinbee
104;assasinbee
104;assasinbee
104;assasinbee
104;assasinbee
104;assasinbee
104;assasinbee
104;assasinbee
104;assasinbee
104;assasinbee
104;assasinbee
104;assasinbee
104;assasinbee
104;assasinbee
104;assasinbee
104;assasinbee
104;assasinbee
104;assasinbee
104;assasinbee
104;assasinbee
104;assasinbee
104;assasinbee
104;assasinbee
104;assasinbee
104;assasinbee
79;pinchmite
79;pinchmite
79;pinchmite
79;pinchmite
79;pinchmite
79;pinchmite
79;pinchmite
79;pinchmite
79;pinchmite
79;pinchmite
79;pinchmite
79;pinchmite
